CREATE TABLE Worker (
	WORKER_ID int NOT NULL PRIMARY KEY ,
	FIRST_NAME CHAR(25),
	LAST_NAME CHAR(25),
	SALARY int,
	JOINING_DATE CHAR(25),
	DEPARTMENT CHAR(25)
);

INSERT INTO Worker 
	(WORKER_ID, FIRST_NAME, LAST_NAME, SALARY, JOINING_DATE, DEPARTMENT) VALUES
		(001, 'Monika', 'Arora', 100000, '14-02-20 09.00.00', 'HR'),
		(002, 'Niharika', 'Verma', 80000, '14-06-11 09.00.00', 'Admin'),
		(003, 'Vishal', 'Singhal', 300000, '14-02-20 09.00.00', 'HR'),
		(004, 'Amitabh', 'Singh', 500000, '14-02-20 09.00.00', 'Admin'),
		(005, 'Vivek', 'Bhati', 500000, '14-06-11 09.00.00', 'Admin'),
		(006, 'Vipul', 'Diwan', 200000, '14-06-11 09.00.00', 'Account'),
		(007, 'Satish', 'Kumar', 75000, '14-01-20 09.00.00', 'Account'),
		(008, 'Geetika', 'Chauhan', 90000, '14-04-11 09.00.00', 'Admin');

CREATE TABLE Bonus (
	WORKER_REF_ID INT,
	BONUS_AMOUNT INT,
	BONUS_DATE char(25),
	FOREIGN KEY (WORKER_REF_ID)
		REFERENCES Worker(WORKER_ID)
        ON DELETE CASCADE
);

INSERT INTO Bonus 
	(WORKER_REF_ID, BONUS_AMOUNT, BONUS_DATE) VALUES
		(001, 5000, '16-02-20'),
		(002, 3000, '16-06-11'),
		(003, 4000, '16-02-20'),
		(001, 4500, '16-02-20'),
		(002, 3500, '16-06-11');
CREATE TABLE Title (
	WORKER_REF_ID INT,
	WORKER_TITLE CHAR(25),
	AFFECTED_FROM CHAR(25),
	FOREIGN KEY (WORKER_REF_ID)
		REFERENCES Worker(WORKER_ID)
        ON DELETE CASCADE
);

INSERT INTO Title 
	(WORKER_REF_ID, WORKER_TITLE, AFFECTED_FROM) VALUES
 (001, 'Manager', '2016-02-20 00:00:00'),
 (002, 'Executive', '2016-06-11 00:00:00'),
 (008, 'Executive', '2016-06-11 00:00:00'),
 (005, 'Manager', '2016-06-11 00:00:00'),
 (004, 'Asst. Manager', '2016-06-11 00:00:00'),
 (007, 'Executive', '2016-06-11 00:00:00'),
 (006, 'Lead', '2016-06-11 00:00:00'),
 (003, 'Lead', '2016-06-11 00:00:00');

 select * from worker , title , Bonus;

 /*QUESTION 1 */

 SELECT FIRST_NAME FROM WORKER
 WHERE SALARY IN
	(SELECT SALARY
	 FROM WORKER
	 GROUP BY SALARY
	 HAVING COUNT(*) > 1
	 )

/* QUESTION 2 */

SELECT MAX(SALARY) AS SAL
FROM WORKER
WHERE SALARY < (SELECT MAX(SALARY) FROM WORKER)


/* QUESTION 3 */

SELECT TOP(50) PERCENT * FROM WORKER


/* QUESTION 4*/

SELECT DISTINCT DEPARTMENT ,
DEPT_COUNT = COUNT(DEPARTMENT) OVER(PARTITION BY DEPARTMENT)
FROM WORKER

/* QUESTION 5 */

SELECT DISTINCT DEPARTMENT , 
TOTAL_SAL = SUM(SALARY) OVER(PARTITION BY DEPARTMENT)
FROM Worker
 

 /*QUESTION 6 */

 SELECT FIRST_NAME 
 FROM WORKER
 WHERE
 SALARY = (SELECT MAX(SALARY)
			FROM WORKER)
 

 /*QUESTION 7 */

 SELECT TOP(1) * FROM WORKER
 ORDER BY WORKER_ID DESC


 /* QUESTION 8 */

 SELECT TOP(3) SALARY FROM WORKER
 ORDER BY SALARY 

 /*QUESTION 9*/

 SELECT FIRST_NAME , DEPARTMENT , SALARY
 FROM WORKER
 WHERE SALARY IN (SELECT MAX(SALARY) AS HIGH_SAL
                  FROM WORKER
				  GROUP BY DEPARTMENT)

WITH H_S AS (
SELECT FIRST_NAME , DEPARTMENT , SALARY
, HIGH_SAL = DENSE_RANK() OVER(PARTITION BY DEPARTMENT ORDER BY SALARY DESC )
FROM WORKER )

SELECT FIRST_NAME , DEPARTMENT , SALARY
FROM H_S 
WHERE HIGH_SAL = 1
				 
